<annotation>
	<folder>sample</folder>
	<filename>1.png</filename>
	<path>E:\aijia\sample\1.png</path>
	<source>
		<database>Unknown</database>
	</source>
	<size>
		<width>2382</width>
		<height>1684</height>
		<depth>1</depth>
	</size>
	<segmented>0</segmented>
	<object>
		<name>bed</name>
		<pose>Unspecified</pose>
		<truncated>0</truncated>
		<difficult>0</difficult>
		<bndbox>
			<xmin>866</xmin>
			<ymin>897</ymin>
			<xmax>1141</xmax>
			<ymax>1238</ymax>
		</bndbox>
	</object>
</annotation>
