<annotation>
	<folder>sample</folder>
	<filename>10.png</filename>
	<path>E:\aijia\sample\10.png</path>
	<source>
		<database>Unknown</database>
	</source>
	<size>
		<width>1584</width>
		<height>1224</height>
		<depth>1</depth>
	</size>
	<segmented>0</segmented>
	<object>
		<name>bed</name>
		<pose>Unspecified</pose>
		<truncated>0</truncated>
		<difficult>0</difficult>
		<bndbox>
			<xmin>333</xmin>
			<ymin>263</ymin>
			<xmax>464</xmax>
			<ymax>417</ymax>
		</bndbox>
	</object>
	<object>
		<name>bed</name>
		<pose>Unspecified</pose>
		<truncated>0</truncated>
		<difficult>0</difficult>
		<bndbox>
			<xmin>294</xmin>
			<ymin>702</ymin>
			<xmax>433</xmax>
			<ymax>901</ymax>
		</bndbox>
	</object>
	<object>
		<name>bed</name>
		<pose>Unspecified</pose>
		<truncated>0</truncated>
		<difficult>0</difficult>
		<bndbox>
			<xmin>918</xmin>
			<ymin>624</ymin>
			<xmax>1035</xmax>
			<ymax>744</ymax>
		</bndbox>
	</object>
</annotation>
