<annotation>
	<folder>sample</folder>
	<filename>100.png</filename>
	<path>E:\aijia\sample\100.png</path>
	<source>
		<database>Unknown</database>
	</source>
	<size>
		<width>2382</width>
		<height>1684</height>
		<depth>1</depth>
	</size>
	<segmented>0</segmented>
	<object>
		<name>bed</name>
		<pose>Unspecified</pose>
		<truncated>0</truncated>
		<difficult>0</difficult>
		<bndbox>
			<xmin>1600</xmin>
			<ymin>999</ymin>
			<xmax>1859</xmax>
			<ymax>1256</ymax>
		</bndbox>
	</object>
	<object>
		<name>bed</name>
		<pose>Unspecified</pose>
		<truncated>0</truncated>
		<difficult>0</difficult>
		<bndbox>
			<xmin>717</xmin>
			<ymin>1140</ymin>
			<xmax>1033</xmax>
			<ymax>1405</ymax>
		</bndbox>
	</object>
</annotation>
