<annotation>
	<folder>sample</folder>
	<filename>11.png</filename>
	<path>E:\aijia\sample\11.png</path>
	<source>
		<database>Unknown</database>
	</source>
	<size>
		<width>1684</width>
		<height>1190</height>
		<depth>1</depth>
	</size>
	<segmented>0</segmented>
	<object>
		<name>bed</name>
		<pose>Unspecified</pose>
		<truncated>0</truncated>
		<difficult>0</difficult>
		<bndbox>
			<xmin>1005</xmin>
			<ymin>289</ymin>
			<xmax>1141</xmax>
			<ymax>453</ymax>
		</bndbox>
	</object>
	<object>
		<name>bed</name>
		<pose>Unspecified</pose>
		<truncated>0</truncated>
		<difficult>0</difficult>
		<bndbox>
			<xmin>1007</xmin>
			<ymin>652</ymin>
			<xmax>1135</xmax>
			<ymax>849</ymax>
		</bndbox>
	</object>
</annotation>
