<annotation>
	<folder>sample</folder>
	<filename>12.png</filename>
	<path>E:\aijia\sample\12.png</path>
	<source>
		<database>Unknown</database>
	</source>
	<size>
		<width>1684</width>
		<height>1190</height>
		<depth>1</depth>
	</size>
	<segmented>0</segmented>
	<object>
		<name>bed</name>
		<pose>Unspecified</pose>
		<truncated>0</truncated>
		<difficult>0</difficult>
		<bndbox>
			<xmin>848</xmin>
			<ymin>697</ymin>
			<xmax>985</xmax>
			<ymax>890</ymax>
		</bndbox>
	</object>
</annotation>
