<annotation>
	<folder>sample</folder>
	<filename>13.png</filename>
	<path>E:\aijia\sample\13.png</path>
	<source>
		<database>Unknown</database>
	</source>
	<size>
		<width>1190</width>
		<height>1684</height>
		<depth>1</depth>
	</size>
	<segmented>0</segmented>
	<object>
		<name>bed</name>
		<pose>Unspecified</pose>
		<truncated>0</truncated>
		<difficult>0</difficult>
		<bndbox>
			<xmin>814</xmin>
			<ymin>1092</ymin>
			<xmax>982</xmax>
			<ymax>1231</ymax>
		</bndbox>
	</object>
	<object>
		<name>bed</name>
		<pose>Unspecified</pose>
		<truncated>0</truncated>
		<difficult>0</difficult>
		<bndbox>
			<xmin>302</xmin>
			<ymin>561</ymin>
			<xmax>475</xmax>
			<ymax>795</ymax>
		</bndbox>
	</object>
</annotation>
