<annotation>
	<folder>sample</folder>
	<filename>14.png</filename>
	<path>E:\aijia\sample\14.png</path>
	<source>
		<database>Unknown</database>
	</source>
	<size>
		<width>1684</width>
		<height>1190</height>
		<depth>1</depth>
	</size>
	<segmented>0</segmented>
	<object>
		<name>bed</name>
		<pose>Unspecified</pose>
		<truncated>0</truncated>
		<difficult>0</difficult>
		<bndbox>
			<xmin>385</xmin>
			<ymin>346</ymin>
			<xmax>580</xmax>
			<ymax>515</ymax>
		</bndbox>
	</object>
	<object>
		<name>bed</name>
		<pose>Unspecified</pose>
		<truncated>0</truncated>
		<difficult>0</difficult>
		<bndbox>
			<xmin>1049</xmin>
			<ymin>274</ymin>
			<xmax>1276</xmax>
			<ymax>464</ymax>
		</bndbox>
	</object>
</annotation>
