<annotation>
	<folder>sample</folder>
	<filename>15.png</filename>
	<path>E:\aijia\sample\15.png</path>
	<source>
		<database>Unknown</database>
	</source>
	<size>
		<width>1684</width>
		<height>1191</height>
		<depth>1</depth>
	</size>
	<segmented>0</segmented>
	<object>
		<name>bed</name>
		<pose>Unspecified</pose>
		<truncated>0</truncated>
		<difficult>0</difficult>
		<bndbox>
			<xmin>457</xmin>
			<ymin>343</ymin>
			<xmax>695</xmax>
			<ymax>542</ymax>
		</bndbox>
	</object>
	<object>
		<name>bed</name>
		<pose>Unspecified</pose>
		<truncated>0</truncated>
		<difficult>0</difficult>
		<bndbox>
			<xmin>449</xmin>
			<ymin>778</ymin>
			<xmax>688</xmax>
			<ymax>970</ymax>
		</bndbox>
	</object>
</annotation>
