<annotation>
	<folder>sample</folder>
	<filename>16.png</filename>
	<path>E:\aijia\sample\16.png</path>
	<source>
		<database>Unknown</database>
	</source>
	<size>
		<width>1684</width>
		<height>1191</height>
		<depth>1</depth>
	</size>
	<segmented>0</segmented>
	<object>
		<name>bed</name>
		<pose>Unspecified</pose>
		<truncated>0</truncated>
		<difficult>0</difficult>
		<bndbox>
			<xmin>1044</xmin>
			<ymin>281</ymin>
			<xmax>1303</xmax>
			<ymax>463</ymax>
		</bndbox>
	</object>
	<object>
		<name>bed</name>
		<pose>Unspecified</pose>
		<truncated>0</truncated>
		<difficult>0</difficult>
		<bndbox>
			<xmin>321</xmin>
			<ymin>346</ymin>
			<xmax>538</xmax>
			<ymax>527</ymax>
		</bndbox>
	</object>
</annotation>
