<annotation>
	<folder>sample</folder>
	<filename>17.png</filename>
	<path>E:\aijia\sample\17.png</path>
	<source>
		<database>Unknown</database>
	</source>
	<size>
		<width>1684</width>
		<height>1191</height>
		<depth>1</depth>
	</size>
	<segmented>0</segmented>
	<object>
		<name>bed</name>
		<pose>Unspecified</pose>
		<truncated>0</truncated>
		<difficult>0</difficult>
		<bndbox>
			<xmin>388</xmin>
			<ymin>346</ymin>
			<xmax>637</xmax>
			<ymax>532</ymax>
		</bndbox>
	</object>
	<object>
		<name>bed</name>
		<pose>Unspecified</pose>
		<truncated>0</truncated>
		<difficult>0</difficult>
		<bndbox>
			<xmin>417</xmin>
			<ymin>752</ymin>
			<xmax>632</xmax>
			<ymax>935</ymax>
		</bndbox>
	</object>
</annotation>
