<annotation>
	<folder>sample</folder>
	<filename>18.png</filename>
	<path>E:\aijia\sample\18.png</path>
	<source>
		<database>Unknown</database>
	</source>
	<size>
		<width>1190</width>
		<height>1684</height>
		<depth>1</depth>
	</size>
	<segmented>0</segmented>
	<object>
		<name>bed</name>
		<pose>Unspecified</pose>
		<truncated>0</truncated>
		<difficult>0</difficult>
		<bndbox>
			<xmin>780</xmin>
			<ymin>1309</ymin>
			<xmax>899</xmax>
			<ymax>1410</ymax>
		</bndbox>
	</object>
	<object>
		<name>bed</name>
		<pose>Unspecified</pose>
		<truncated>0</truncated>
		<difficult>0</difficult>
		<bndbox>
			<xmin>347</xmin>
			<ymin>1345</ymin>
			<xmax>468</xmax>
			<ymax>1444</ymax>
		</bndbox>
	</object>
</annotation>
