<annotation>
	<folder>sample</folder>
	<filename>19.png</filename>
	<path>E:\aijia\sample\19.png</path>
	<source>
		<database>Unknown</database>
	</source>
	<size>
		<width>1684</width>
		<height>1190</height>
		<depth>1</depth>
	</size>
	<segmented>0</segmented>
	<object>
		<name>bed</name>
		<pose>Unspecified</pose>
		<truncated>0</truncated>
		<difficult>0</difficult>
		<bndbox>
			<xmin>1089</xmin>
			<ymin>695</ymin>
			<xmax>1212</xmax>
			<ymax>861</ymax>
		</bndbox>
	</object>
	<object>
		<name>bed</name>
		<pose>Unspecified</pose>
		<truncated>0</truncated>
		<difficult>0</difficult>
		<bndbox>
			<xmin>580</xmin>
			<ymin>704</ymin>
			<xmax>710</xmax>
			<ymax>857</ymax>
		</bndbox>
	</object>
</annotation>
