<annotation>
	<folder>sample</folder>
	<filename>2.png</filename>
	<path>E:\aijia\sample\2.png</path>
	<source>
		<database>Unknown</database>
	</source>
	<size>
		<width>2382</width>
		<height>1684</height>
		<depth>1</depth>
	</size>
	<segmented>0</segmented>
	<object>
		<name>bed</name>
		<pose>Unspecified</pose>
		<truncated>1</truncated>
		<difficult>0</difficult>
		<bndbox>
			<xmin>999</xmin>
			<ymin>1</ymin>
			<xmax>1249</xmax>
			<ymax>236</ymax>
		</bndbox>
	</object>
	<object>
		<name>bed</name>
		<pose>Unspecified</pose>
		<truncated>0</truncated>
		<difficult>0</difficult>
		<bndbox>
			<xmin>323</xmin>
			<ymin>1022</ymin>
			<xmax>555</xmax>
			<ymax>1210</ymax>
		</bndbox>
	</object>
</annotation>
