<annotation>
	<folder>sample</folder>
	<filename>20.png</filename>
	<path>E:\aijia\sample\20.png</path>
	<source>
		<database>Unknown</database>
	</source>
	<size>
		<width>2382</width>
		<height>1684</height>
		<depth>1</depth>
	</size>
	<segmented>0</segmented>
	<object>
		<name>bed</name>
		<pose>Unspecified</pose>
		<truncated>0</truncated>
		<difficult>0</difficult>
		<bndbox>
			<xmin>506</xmin>
			<ymin>791</ymin>
			<xmax>761</xmax>
			<ymax>1152</ymax>
		</bndbox>
	</object>
	<object>
		<name>bed</name>
		<pose>Unspecified</pose>
		<truncated>0</truncated>
		<difficult>0</difficult>
		<bndbox>
			<xmin>1074</xmin>
			<ymin>771</ymin>
			<xmax>1319</xmax>
			<ymax>1081</ymax>
		</bndbox>
	</object>
</annotation>
