<annotation>
	<folder>sample</folder>
	<filename>21.png</filename>
	<path>E:\aijia\sample\21.png</path>
	<source>
		<database>Unknown</database>
	</source>
	<size>
		<width>1190</width>
		<height>1684</height>
		<depth>1</depth>
	</size>
	<segmented>0</segmented>
	<object>
		<name>bed</name>
		<pose>Unspecified</pose>
		<truncated>0</truncated>
		<difficult>0</difficult>
		<bndbox>
			<xmin>814</xmin>
			<ymin>1105</ymin>
			<xmax>934</xmax>
			<ymax>1205</ymax>
		</bndbox>
	</object>
	<object>
		<name>bed</name>
		<pose>Unspecified</pose>
		<truncated>0</truncated>
		<difficult>0</difficult>
		<bndbox>
			<xmin>489</xmin>
			<ymin>1106</ymin>
			<xmax>625</xmax>
			<ymax>1205</ymax>
		</bndbox>
	</object>
</annotation>
