<annotation>
	<folder>sample</folder>
	<filename>22.png</filename>
	<path>E:\aijia\sample\22.png</path>
	<source>
		<database>Unknown</database>
	</source>
	<size>
		<width>1684</width>
		<height>1190</height>
		<depth>1</depth>
	</size>
	<segmented>0</segmented>
	<object>
		<name>bed</name>
		<pose>Unspecified</pose>
		<truncated>0</truncated>
		<difficult>0</difficult>
		<bndbox>
			<xmin>558</xmin>
			<ymin>686</ymin>
			<xmax>701</xmax>
			<ymax>860</ymax>
		</bndbox>
	</object>
	<object>
		<name>bed</name>
		<pose>Unspecified</pose>
		<truncated>0</truncated>
		<difficult>0</difficult>
		<bndbox>
			<xmin>1137</xmin>
			<ymin>679</ymin>
			<xmax>1271</xmax>
			<ymax>874</ymax>
		</bndbox>
	</object>
</annotation>
