<annotation>
	<folder>sample</folder>
	<filename>23.png</filename>
	<path>E:\aijia\sample\23.png</path>
	<source>
		<database>Unknown</database>
	</source>
	<size>
		<width>1190</width>
		<height>1684</height>
		<depth>1</depth>
	</size>
	<segmented>0</segmented>
	<object>
		<name>bed</name>
		<pose>Unspecified</pose>
		<truncated>0</truncated>
		<difficult>0</difficult>
		<bndbox>
			<xmin>808</xmin>
			<ymin>898</ymin>
			<xmax>923</xmax>
			<ymax>1033</ymax>
		</bndbox>
	</object>
	<object>
		<name>bed</name>
		<pose>Unspecified</pose>
		<truncated>0</truncated>
		<difficult>0</difficult>
		<bndbox>
			<xmin>467</xmin>
			<ymin>909</ymin>
			<xmax>607</xmax>
			<ymax>1111</ymax>
		</bndbox>
	</object>
</annotation>
