<annotation>
	<folder>sample</folder>
	<filename>24.png</filename>
	<path>E:\aijia\sample\24.png</path>
	<source>
		<database>Unknown</database>
	</source>
	<size>
		<width>1190</width>
		<height>1684</height>
		<depth>1</depth>
	</size>
	<segmented>0</segmented>
	<object>
		<name>bed</name>
		<pose>Unspecified</pose>
		<truncated>0</truncated>
		<difficult>0</difficult>
		<bndbox>
			<xmin>257</xmin>
			<ymin>1114</ymin>
			<xmax>423</xmax>
			<ymax>1240</ymax>
		</bndbox>
	</object>
	<object>
		<name>bed</name>
		<pose>Unspecified</pose>
		<truncated>0</truncated>
		<difficult>0</difficult>
		<bndbox>
			<xmin>681</xmin>
			<ymin>1175</ymin>
			<xmax>848</xmax>
			<ymax>1301</ymax>
		</bndbox>
	</object>
</annotation>
