<annotation>
	<folder>sample</folder>
	<filename>25.png</filename>
	<path>E:\aijia\sample\25.png</path>
	<source>
		<database>Unknown</database>
	</source>
	<size>
		<width>2382</width>
		<height>1684</height>
		<depth>1</depth>
	</size>
	<segmented>0</segmented>
	<object>
		<name>bed</name>
		<pose>Unspecified</pose>
		<truncated>0</truncated>
		<difficult>0</difficult>
		<bndbox>
			<xmin>742</xmin>
			<ymin>979</ymin>
			<xmax>937</xmax>
			<ymax>1233</ymax>
		</bndbox>
	</object>
	<object>
		<name>bed</name>
		<pose>Unspecified</pose>
		<truncated>0</truncated>
		<difficult>0</difficult>
		<bndbox>
			<xmin>1539</xmin>
			<ymin>1019</ymin>
			<xmax>1727</xmax>
			<ymax>1267</ymax>
		</bndbox>
	</object>
</annotation>
