<annotation>
	<folder>sample</folder>
	<filename>26.png</filename>
	<path>E:\aijia\sample\26.png</path>
	<source>
		<database>Unknown</database>
	</source>
	<size>
		<width>1684</width>
		<height>1190</height>
		<depth>1</depth>
	</size>
	<segmented>0</segmented>
	<object>
		<name>bed</name>
		<pose>Unspecified</pose>
		<truncated>0</truncated>
		<difficult>0</difficult>
		<bndbox>
			<xmin>164</xmin>
			<ymin>713</ymin>
			<xmax>423</xmax>
			<ymax>897</ymax>
		</bndbox>
	</object>
	<object>
		<name>bed</name>
		<pose>Unspecified</pose>
		<truncated>0</truncated>
		<difficult>0</difficult>
		<bndbox>
			<xmin>229</xmin>
			<ymin>327</ymin>
			<xmax>489</xmax>
			<ymax>507</ymax>
		</bndbox>
	</object>
</annotation>
