<annotation>
	<folder>sample</folder>
	<filename>27.png</filename>
	<path>E:\aijia\sample\27.png</path>
	<source>
		<database>Unknown</database>
	</source>
	<size>
		<width>1684</width>
		<height>1190</height>
		<depth>1</depth>
	</size>
	<segmented>0</segmented>
	<object>
		<name>bed</name>
		<pose>Unspecified</pose>
		<truncated>0</truncated>
		<difficult>0</difficult>
		<bndbox>
			<xmin>195</xmin>
			<ymin>764</ymin>
			<xmax>413</xmax>
			<ymax>1022</ymax>
		</bndbox>
	</object>
	<object>
		<name>bed</name>
		<pose>Unspecified</pose>
		<truncated>0</truncated>
		<difficult>0</difficult>
		<bndbox>
			<xmin>105</xmin>
			<ymin>554</ymin>
			<xmax>323</xmax>
			<ymax>675</ymax>
		</bndbox>
	</object>
</annotation>
