<annotation>
	<folder>sample</folder>
	<filename>28.png</filename>
	<path>E:\aijia\sample\28.png</path>
	<source>
		<database>Unknown</database>
	</source>
	<size>
		<width>1684</width>
		<height>1190</height>
		<depth>1</depth>
	</size>
	<segmented>0</segmented>
	<object>
		<name>bed</name>
		<pose>Unspecified</pose>
		<truncated>0</truncated>
		<difficult>0</difficult>
		<bndbox>
			<xmin>292</xmin>
			<ymin>622</ymin>
			<xmax>463</xmax>
			<ymax>824</ymax>
		</bndbox>
	</object>
	<object>
		<name>bed</name>
		<pose>Unspecified</pose>
		<truncated>0</truncated>
		<difficult>0</difficult>
		<bndbox>
			<xmin>219</xmin>
			<ymin>65</ymin>
			<xmax>401</xmax>
			<ymax>317</ymax>
		</bndbox>
	</object>
</annotation>
