<annotation>
	<folder>sample</folder>
	<filename>29.png</filename>
	<path>E:\aijia\sample\29.png</path>
	<source>
		<database>Unknown</database>
	</source>
	<size>
		<width>1536</width>
		<height>1229</height>
		<depth>1</depth>
	</size>
	<segmented>0</segmented>
	<object>
		<name>bed</name>
		<pose>Unspecified</pose>
		<truncated>0</truncated>
		<difficult>0</difficult>
		<bndbox>
			<xmin>423</xmin>
			<ymin>416</ymin>
			<xmax>639</xmax>
			<ymax>583</ymax>
		</bndbox>
	</object>
	<object>
		<name>bed</name>
		<pose>Unspecified</pose>
		<truncated>0</truncated>
		<difficult>0</difficult>
		<bndbox>
			<xmin>1048</xmin>
			<ymin>324</ymin>
			<xmax>1231</xmax>
			<ymax>476</ymax>
		</bndbox>
	</object>
</annotation>
