<annotation>
	<folder>sample</folder>
	<filename>3.png</filename>
	<path>E:\aijia\sample\3.png</path>
	<source>
		<database>Unknown</database>
	</source>
	<size>
		<width>2382</width>
		<height>1684</height>
		<depth>1</depth>
	</size>
	<segmented>0</segmented>
	<object>
		<name>bed</name>
		<pose>Unspecified</pose>
		<truncated>0</truncated>
		<difficult>0</difficult>
		<bndbox>
			<xmin>739</xmin>
			<ymin>740</ymin>
			<xmax>1110</xmax>
			<ymax>1044</ymax>
		</bndbox>
	</object>
</annotation>
