<annotation>
	<folder>sample</folder>
	<filename>30.png</filename>
	<path>E:\aijia\sample\30.png</path>
	<source>
		<database>Unknown</database>
	</source>
	<size>
		<width>1536</width>
		<height>1229</height>
		<depth>1</depth>
	</size>
	<segmented>0</segmented>
	<object>
		<name>bed</name>
		<pose>Unspecified</pose>
		<truncated>0</truncated>
		<difficult>0</difficult>
		<bndbox>
			<xmin>420</xmin>
			<ymin>417</ymin>
			<xmax>620</xmax>
			<ymax>576</ymax>
		</bndbox>
	</object>
	<object>
		<name>bed</name>
		<pose>Unspecified</pose>
		<truncated>0</truncated>
		<difficult>0</difficult>
		<bndbox>
			<xmin>796</xmin>
			<ymin>335</ymin>
			<xmax>955</xmax>
			<ymax>527</ymax>
		</bndbox>
	</object>
</annotation>
