<annotation>
	<folder>sample</folder>
	<filename>31.png</filename>
	<path>E:\aijia\sample\31.png</path>
	<source>
		<database>Unknown</database>
	</source>
	<size>
		<width>1684</width>
		<height>1190</height>
		<depth>1</depth>
	</size>
	<segmented>0</segmented>
	<object>
		<name>bed</name>
		<pose>Unspecified</pose>
		<truncated>0</truncated>
		<difficult>0</difficult>
		<bndbox>
			<xmin>666</xmin>
			<ymin>503</ymin>
			<xmax>839</xmax>
			<ymax>622</ymax>
		</bndbox>
	</object>
	<object>
		<name>bed</name>
		<pose>Unspecified</pose>
		<truncated>0</truncated>
		<difficult>0</difficult>
		<bndbox>
			<xmin>171</xmin>
			<ymin>439</ymin>
			<xmax>296</xmax>
			<ymax>547</ymax>
		</bndbox>
	</object>
</annotation>
