<annotation>
	<folder>sample</folder>
	<filename>32.png</filename>
	<path>E:\aijia\sample\32.png</path>
	<source>
		<database>Unknown</database>
	</source>
	<size>
		<width>1684</width>
		<height>1190</height>
		<depth>1</depth>
	</size>
	<segmented>0</segmented>
	<object>
		<name>bed</name>
		<pose>Unspecified</pose>
		<truncated>0</truncated>
		<difficult>0</difficult>
		<bndbox>
			<xmin>310</xmin>
			<ymin>533</ymin>
			<xmax>457</xmax>
			<ymax>752</ymax>
		</bndbox>
	</object>
	<object>
		<name>bed</name>
		<pose>Unspecified</pose>
		<truncated>1</truncated>
		<difficult>0</difficult>
		<bndbox>
			<xmin>392</xmin>
			<ymin>1</ymin>
			<xmax>538</xmax>
			<ymax>70</ymax>
		</bndbox>
	</object>
</annotation>
