<annotation>
	<folder>sample</folder>
	<filename>33.png</filename>
	<path>E:\aijia\sample\33.png</path>
	<source>
		<database>Unknown</database>
	</source>
	<size>
		<width>1684</width>
		<height>1190</height>
		<depth>1</depth>
	</size>
	<segmented>0</segmented>
	<object>
		<name>bed</name>
		<pose>Unspecified</pose>
		<truncated>1</truncated>
		<difficult>0</difficult>
		<bndbox>
			<xmin>302</xmin>
			<ymin>1</ymin>
			<xmax>469</xmax>
			<ymax>142</ymax>
		</bndbox>
	</object>
	<object>
		<name>bed</name>
		<pose>Unspecified</pose>
		<truncated>0</truncated>
		<difficult>0</difficult>
		<bndbox>
			<xmin>220</xmin>
			<ymin>564</ymin>
			<xmax>405</xmax>
			<ymax>820</ymax>
		</bndbox>
	</object>
</annotation>
