<annotation>
	<folder>sample</folder>
	<filename>34.png</filename>
	<path>E:\aijia\sample\34.png</path>
	<source>
		<database>Unknown</database>
	</source>
	<size>
		<width>2382</width>
		<height>1684</height>
		<depth>1</depth>
	</size>
	<segmented>0</segmented>
	<object>
		<name>bed</name>
		<pose>Unspecified</pose>
		<truncated>0</truncated>
		<difficult>0</difficult>
		<bndbox>
			<xmin>382</xmin>
			<ymin>1073</ymin>
			<xmax>610</xmax>
			<ymax>1252</ymax>
		</bndbox>
	</object>
	<object>
		<name>bed</name>
		<pose>Unspecified</pose>
		<truncated>0</truncated>
		<difficult>0</difficult>
		<bndbox>
			<xmin>1053</xmin>
			<ymin>18</ymin>
			<xmax>1325</xmax>
			<ymax>281</ymax>
		</bndbox>
	</object>
</annotation>
