<annotation>
	<folder>sample</folder>
	<filename>35.png</filename>
	<path>E:\aijia\sample\35.png</path>
	<source>
		<database>Unknown</database>
	</source>
	<size>
		<width>1684</width>
		<height>1190</height>
		<depth>1</depth>
	</size>
	<segmented>0</segmented>
	<object>
		<name>bed</name>
		<pose>Unspecified</pose>
		<truncated>0</truncated>
		<difficult>0</difficult>
		<bndbox>
			<xmin>626</xmin>
			<ymin>302</ymin>
			<xmax>770</xmax>
			<ymax>477</ymax>
		</bndbox>
	</object>
	<object>
		<name>bed</name>
		<pose>Unspecified</pose>
		<truncated>0</truncated>
		<difficult>0</difficult>
		<bndbox>
			<xmin>577</xmin>
			<ymin>686</ymin>
			<xmax>714</xmax>
			<ymax>879</ymax>
		</bndbox>
	</object>
</annotation>
