<annotation>
	<folder>sample</folder>
	<filename>38.png</filename>
	<path>E:\aijia\sample\38.png</path>
	<source>
		<database>Unknown</database>
	</source>
	<size>
		<width>1684</width>
		<height>1190</height>
		<depth>1</depth>
	</size>
	<segmented>0</segmented>
	<object>
		<name>bed</name>
		<pose>Unspecified</pose>
		<truncated>0</truncated>
		<difficult>0</difficult>
		<bndbox>
			<xmin>471</xmin>
			<ymin>275</ymin>
			<xmax>606</xmax>
			<ymax>442</ymax>
		</bndbox>
	</object>
	<object>
		<name>bed</name>
		<pose>Unspecified</pose>
		<truncated>0</truncated>
		<difficult>0</difficult>
		<bndbox>
			<xmin>953</xmin>
			<ymin>360</ymin>
			<xmax>1189</xmax>
			<ymax>535</ymax>
		</bndbox>
	</object>
</annotation>
