<annotation>
	<folder>sample</folder>
	<filename>39.png</filename>
	<path>E:\aijia\sample\39.png</path>
	<source>
		<database>Unknown</database>
	</source>
	<size>
		<width>1684</width>
		<height>1190</height>
		<depth>1</depth>
	</size>
	<segmented>0</segmented>
	<object>
		<name>bed</name>
		<pose>Unspecified</pose>
		<truncated>0</truncated>
		<difficult>0</difficult>
		<bndbox>
			<xmin>245</xmin>
			<ymin>660</ymin>
			<xmax>398</xmax>
			<ymax>860</ymax>
		</bndbox>
	</object>
	<object>
		<name>bed</name>
		<pose>Unspecified</pose>
		<truncated>0</truncated>
		<difficult>0</difficult>
		<bndbox>
			<xmin>164</xmin>
			<ymin>103</ymin>
			<xmax>337</xmax>
			<ymax>331</ymax>
		</bndbox>
	</object>
</annotation>
