<annotation>
	<folder>sample</folder>
	<filename>4.png</filename>
	<path>E:\aijia\sample\4.png</path>
	<source>
		<database>Unknown</database>
	</source>
	<size>
		<width>2382</width>
		<height>1684</height>
		<depth>1</depth>
	</size>
	<segmented>0</segmented>
	<object>
		<name>bed</name>
		<pose>Unspecified</pose>
		<truncated>0</truncated>
		<difficult>0</difficult>
		<bndbox>
			<xmin>462</xmin>
			<ymin>946</ymin>
			<xmax>690</xmax>
			<ymax>1273</ymax>
		</bndbox>
	</object>
	<object>
		<name>bed</name>
		<pose>Unspecified</pose>
		<truncated>0</truncated>
		<difficult>0</difficult>
		<bndbox>
			<xmin>296</xmin>
			<ymin>469</ymin>
			<xmax>555</xmax>
			<ymax>654</ymax>
		</bndbox>
	</object>
</annotation>
