<annotation>
	<folder>sample</folder>
	<filename>40.png</filename>
	<path>E:\aijia\sample\40.png</path>
	<source>
		<database>Unknown</database>
	</source>
	<size>
		<width>1684</width>
		<height>1190</height>
		<depth>1</depth>
	</size>
	<segmented>0</segmented>
	<object>
		<name>bed</name>
		<pose>Unspecified</pose>
		<truncated>0</truncated>
		<difficult>0</difficult>
		<bndbox>
			<xmin>930</xmin>
			<ymin>539</ymin>
			<xmax>1103</xmax>
			<ymax>685</ymax>
		</bndbox>
	</object>
	<object>
		<name>bed</name>
		<pose>Unspecified</pose>
		<truncated>0</truncated>
		<difficult>0</difficult>
		<bndbox>
			<xmin>953</xmin>
			<ymin>256</ymin>
			<xmax>1146</xmax>
			<ymax>406</ymax>
		</bndbox>
	</object>
</annotation>
