<annotation>
	<folder>sample</folder>
	<filename>41.png</filename>
	<path>E:\aijia\sample\41.png</path>
	<source>
		<database>Unknown</database>
	</source>
	<size>
		<width>2382</width>
		<height>1684</height>
		<depth>1</depth>
	</size>
	<segmented>0</segmented>
	<object>
		<name>bed</name>
		<pose>Unspecified</pose>
		<truncated>0</truncated>
		<difficult>0</difficult>
		<bndbox>
			<xmin>825</xmin>
			<ymin>1216</ymin>
			<xmax>1092</xmax>
			<ymax>1428</ymax>
		</bndbox>
	</object>
	<object>
		<name>bed</name>
		<pose>Unspecified</pose>
		<truncated>0</truncated>
		<difficult>0</difficult>
		<bndbox>
			<xmin>568</xmin>
			<ymin>279</ymin>
			<xmax>876</xmax>
			<ymax>503</ymax>
		</bndbox>
	</object>
</annotation>
