<annotation>
	<folder>sample</folder>
	<filename>42.png</filename>
	<path>E:\aijia\sample\42.png</path>
	<source>
		<database>Unknown</database>
	</source>
	<size>
		<width>1684</width>
		<height>1190</height>
		<depth>1</depth>
	</size>
	<segmented>0</segmented>
	<object>
		<name>bed</name>
		<pose>Unspecified</pose>
		<truncated>0</truncated>
		<difficult>0</difficult>
		<bndbox>
			<xmin>937</xmin>
			<ymin>270</ymin>
			<xmax>1073</xmax>
			<ymax>454</ymax>
		</bndbox>
	</object>
	<object>
		<name>bed</name>
		<pose>Unspecified</pose>
		<truncated>0</truncated>
		<difficult>0</difficult>
		<bndbox>
			<xmin>998</xmin>
			<ymin>589</ymin>
			<xmax>1163</xmax>
			<ymax>728</ymax>
		</bndbox>
	</object>
</annotation>
