<annotation>
	<folder>sample</folder>
	<filename>44.png</filename>
	<path>E:\aijia\sample\44.png</path>
	<source>
		<database>Unknown</database>
	</source>
	<size>
		<width>1190</width>
		<height>1684</height>
		<depth>1</depth>
	</size>
	<segmented>0</segmented>
	<object>
		<name>bed</name>
		<pose>Unspecified</pose>
		<truncated>0</truncated>
		<difficult>0</difficult>
		<bndbox>
			<xmin>440</xmin>
			<ymin>992</ymin>
			<xmax>604</xmax>
			<ymax>1204</ymax>
		</bndbox>
	</object>
	<object>
		<name>bed</name>
		<pose>Unspecified</pose>
		<truncated>0</truncated>
		<difficult>0</difficult>
		<bndbox>
			<xmin>801</xmin>
			<ymin>992</ymin>
			<xmax>957</xmax>
			<ymax>1200</ymax>
		</bndbox>
	</object>
</annotation>
