<annotation>
	<folder>sample</folder>
	<filename>45.png</filename>
	<path>E:\aijia\sample\45.png</path>
	<source>
		<database>Unknown</database>
	</source>
	<size>
		<width>1684</width>
		<height>1191</height>
		<depth>1</depth>
	</size>
	<segmented>0</segmented>
	<object>
		<name>bed</name>
		<pose>Unspecified</pose>
		<truncated>0</truncated>
		<difficult>0</difficult>
		<bndbox>
			<xmin>551</xmin>
			<ymin>650</ymin>
			<xmax>731</xmax>
			<ymax>889</ymax>
		</bndbox>
	</object>
	<object>
		<name>bed</name>
		<pose>Unspecified</pose>
		<truncated>0</truncated>
		<difficult>0</difficult>
		<bndbox>
			<xmin>853</xmin>
			<ymin>717</ymin>
			<xmax>1014</xmax>
			<ymax>889</ymax>
		</bndbox>
	</object>
</annotation>
