<annotation>
	<folder>sample</folder>
	<filename>46.png</filename>
	<path>E:\aijia\sample\46.png</path>
	<source>
		<database>Unknown</database>
	</source>
	<size>
		<width>1684</width>
		<height>1190</height>
		<depth>1</depth>
	</size>
	<segmented>0</segmented>
	<object>
		<name>bed</name>
		<pose>Unspecified</pose>
		<truncated>0</truncated>
		<difficult>0</difficult>
		<bndbox>
			<xmin>623</xmin>
			<ymin>193</ymin>
			<xmax>838</xmax>
			<ymax>349</ymax>
		</bndbox>
	</object>
	<object>
		<name>bed</name>
		<pose>Unspecified</pose>
		<truncated>0</truncated>
		<difficult>0</difficult>
		<bndbox>
			<xmin>1034</xmin>
			<ymin>324</ymin>
			<xmax>1191</xmax>
			<ymax>478</ymax>
		</bndbox>
	</object>
</annotation>
