<annotation>
	<folder>sample</folder>
	<filename>47.png</filename>
	<path>E:\aijia\sample\47.png</path>
	<source>
		<database>Unknown</database>
	</source>
	<size>
		<width>1684</width>
		<height>1190</height>
		<depth>1</depth>
	</size>
	<segmented>0</segmented>
	<object>
		<name>bed</name>
		<pose>Unspecified</pose>
		<truncated>0</truncated>
		<difficult>0</difficult>
		<bndbox>
			<xmin>307</xmin>
			<ymin>552</ymin>
			<xmax>445</xmax>
			<ymax>697</ymax>
		</bndbox>
	</object>
	<object>
		<name>bed</name>
		<pose>Unspecified</pose>
		<truncated>0</truncated>
		<difficult>0</difficult>
		<bndbox>
			<xmin>188</xmin>
			<ymin>172</ymin>
			<xmax>330</xmax>
			<ymax>370</ymax>
		</bndbox>
	</object>
</annotation>
