<annotation>
	<folder>sample</folder>
	<filename>5.png</filename>
	<path>E:\aijia\sample\5.png</path>
	<source>
		<database>Unknown</database>
	</source>
	<size>
		<width>1584</width>
		<height>1224</height>
		<depth>1</depth>
	</size>
	<segmented>0</segmented>
	<object>
		<name>bed</name>
		<pose>Unspecified</pose>
		<truncated>0</truncated>
		<difficult>0</difficult>
		<bndbox>
			<xmin>933</xmin>
			<ymin>293</ymin>
			<xmax>1094</xmax>
			<ymax>448</ymax>
		</bndbox>
	</object>
	<object>
		<name>bed</name>
		<pose>Unspecified</pose>
		<truncated>0</truncated>
		<difficult>0</difficult>
		<bndbox>
			<xmin>916</xmin>
			<ymin>658</ymin>
			<xmax>1098</xmax>
			<ymax>893</ymax>
		</bndbox>
	</object>
</annotation>
