<annotation>
	<folder>sample</folder>
	<filename>50.png</filename>
	<path>E:\aijia\sample\50.png</path>
	<source>
		<database>Unknown</database>
	</source>
	<size>
		<width>1684</width>
		<height>1190</height>
		<depth>1</depth>
	</size>
	<segmented>0</segmented>
	<object>
		<name>bed</name>
		<pose>Unspecified</pose>
		<truncated>0</truncated>
		<difficult>0</difficult>
		<bndbox>
			<xmin>548</xmin>
			<ymin>672</ymin>
			<xmax>701</xmax>
			<ymax>877</ymax>
		</bndbox>
	</object>
	<object>
		<name>bed</name>
		<pose>Unspecified</pose>
		<truncated>0</truncated>
		<difficult>0</difficult>
		<bndbox>
			<xmin>607</xmin>
			<ymin>372</ymin>
			<xmax>691</xmax>
			<ymax>513</ymax>
		</bndbox>
	</object>
</annotation>
