<annotation>
	<folder>sample</folder>
	<filename>52.png</filename>
	<path>E:\aijia\sample\52.png</path>
	<source>
		<database>Unknown</database>
	</source>
	<size>
		<width>1684</width>
		<height>1190</height>
		<depth>1</depth>
	</size>
	<segmented>0</segmented>
	<object>
		<name>bed</name>
		<pose>Unspecified</pose>
		<truncated>0</truncated>
		<difficult>0</difficult>
		<bndbox>
			<xmin>457</xmin>
			<ymin>300</ymin>
			<xmax>605</xmax>
			<ymax>490</ymax>
		</bndbox>
	</object>
	<object>
		<name>bed</name>
		<pose>Unspecified</pose>
		<truncated>0</truncated>
		<difficult>0</difficult>
		<bndbox>
			<xmin>942</xmin>
			<ymin>714</ymin>
			<xmax>1201</xmax>
			<ymax>897</ymax>
		</bndbox>
	</object>
</annotation>
