<annotation>
	<folder>sample</folder>
	<filename>53.png</filename>
	<path>E:\aijia\sample\53.png</path>
	<source>
		<database>Unknown</database>
	</source>
	<size>
		<width>1684</width>
		<height>1190</height>
		<depth>1</depth>
	</size>
	<segmented>0</segmented>
	<object>
		<name>bed</name>
		<pose>Unspecified</pose>
		<truncated>0</truncated>
		<difficult>0</difficult>
		<bndbox>
			<xmin>457</xmin>
			<ymin>358</ymin>
			<xmax>617</xmax>
			<ymax>488</ymax>
		</bndbox>
	</object>
	<object>
		<name>bed</name>
		<pose>Unspecified</pose>
		<truncated>0</truncated>
		<difficult>0</difficult>
		<bndbox>
			<xmin>960</xmin>
			<ymin>308</ymin>
			<xmax>1144</xmax>
			<ymax>446</ymax>
		</bndbox>
	</object>
</annotation>
