<annotation>
	<folder>sample</folder>
	<filename>54.png</filename>
	<path>E:\aijia\sample\54.png</path>
	<source>
		<database>Unknown</database>
	</source>
	<size>
		<width>2382</width>
		<height>1684</height>
		<depth>1</depth>
	</size>
	<segmented>0</segmented>
	<object>
		<name>bed</name>
		<pose>Unspecified</pose>
		<truncated>0</truncated>
		<difficult>0</difficult>
		<bndbox>
			<xmin>1031</xmin>
			<ymin>373</ymin>
			<xmax>1217</xmax>
			<ymax>583</ymax>
		</bndbox>
	</object>
	<object>
		<name>bed</name>
		<pose>Unspecified</pose>
		<truncated>0</truncated>
		<difficult>0</difficult>
		<bndbox>
			<xmin>1029</xmin>
			<ymin>1091</ymin>
			<xmax>1208</xmax>
			<ymax>1334</ymax>
		</bndbox>
	</object>
</annotation>
