<annotation>
	<folder>sample</folder>
	<filename>55.png</filename>
	<path>E:\aijia\sample\55.png</path>
	<source>
		<database>Unknown</database>
	</source>
	<size>
		<width>1190</width>
		<height>1684</height>
		<depth>1</depth>
	</size>
	<segmented>0</segmented>
	<object>
		<name>bed</name>
		<pose>Unspecified</pose>
		<truncated>0</truncated>
		<difficult>0</difficult>
		<bndbox>
			<xmin>827</xmin>
			<ymin>1453</ymin>
			<xmax>945</xmax>
			<ymax>1554</ymax>
		</bndbox>
	</object>
	<object>
		<name>bed</name>
		<pose>Unspecified</pose>
		<truncated>0</truncated>
		<difficult>0</difficult>
		<bndbox>
			<xmin>414</xmin>
			<ymin>1241</ymin>
			<xmax>560</xmax>
			<ymax>1352</ymax>
		</bndbox>
	</object>
</annotation>
