<annotation>
	<folder>sample</folder>
	<filename>56.png</filename>
	<path>E:\aijia\sample\56.png</path>
	<source>
		<database>Unknown</database>
	</source>
	<size>
		<width>1684</width>
		<height>1190</height>
		<depth>1</depth>
	</size>
	<segmented>0</segmented>
	<object>
		<name>bed</name>
		<pose>Unspecified</pose>
		<truncated>0</truncated>
		<difficult>0</difficult>
		<bndbox>
			<xmin>488</xmin>
			<ymin>311</ymin>
			<xmax>609</xmax>
			<ymax>472</ymax>
		</bndbox>
	</object>
	<object>
		<name>bed</name>
		<pose>Unspecified</pose>
		<truncated>0</truncated>
		<difficult>0</difficult>
		<bndbox>
			<xmin>585</xmin>
			<ymin>747</ymin>
			<xmax>713</xmax>
			<ymax>917</ymax>
		</bndbox>
	</object>
</annotation>
