<annotation>
	<folder>sample</folder>
	<filename>57.png</filename>
	<path>E:\aijia\sample\57.png</path>
	<source>
		<database>Unknown</database>
	</source>
	<size>
		<width>2382</width>
		<height>1684</height>
		<depth>1</depth>
	</size>
	<segmented>0</segmented>
	<object>
		<name>bed</name>
		<pose>Unspecified</pose>
		<truncated>0</truncated>
		<difficult>0</difficult>
		<bndbox>
			<xmin>774</xmin>
			<ymin>463</ymin>
			<xmax>1057</xmax>
			<ymax>654</ymax>
		</bndbox>
	</object>
	<object>
		<name>bed</name>
		<pose>Unspecified</pose>
		<truncated>0</truncated>
		<difficult>0</difficult>
		<bndbox>
			<xmin>1662</xmin>
			<ymin>548</ymin>
			<xmax>1888</xmax>
			<ymax>748</ymax>
		</bndbox>
	</object>
</annotation>
