<annotation>
	<folder>sample</folder>
	<filename>58.png</filename>
	<path>E:\aijia\sample\58.png</path>
	<source>
		<database>Unknown</database>
	</source>
	<size>
		<width>2382</width>
		<height>1684</height>
		<depth>1</depth>
	</size>
	<segmented>0</segmented>
	<object>
		<name>bed</name>
		<pose>Unspecified</pose>
		<truncated>0</truncated>
		<difficult>0</difficult>
		<bndbox>
			<xmin>962</xmin>
			<ymin>324</ymin>
			<xmax>1133</xmax>
			<ymax>506</ymax>
		</bndbox>
	</object>
	<object>
		<name>bed</name>
		<pose>Unspecified</pose>
		<truncated>0</truncated>
		<difficult>0</difficult>
		<bndbox>
			<xmin>1031</xmin>
			<ymin>1132</ymin>
			<xmax>1200</xmax>
			<ymax>1352</ymax>
		</bndbox>
	</object>
</annotation>
