<annotation>
	<folder>sample</folder>
	<filename>59.png</filename>
	<path>E:\aijia\sample\59.png</path>
	<source>
		<database>Unknown</database>
	</source>
	<size>
		<width>1684</width>
		<height>1190</height>
		<depth>1</depth>
	</size>
	<segmented>0</segmented>
	<object>
		<name>bed</name>
		<pose>Unspecified</pose>
		<truncated>0</truncated>
		<difficult>0</difficult>
		<bndbox>
			<xmin>819</xmin>
			<ymin>738</ymin>
			<xmax>1051</xmax>
			<ymax>921</ymax>
		</bndbox>
	</object>
	<object>
		<name>bed</name>
		<pose>Unspecified</pose>
		<truncated>0</truncated>
		<difficult>0</difficult>
		<bndbox>
			<xmin>1095</xmin>
			<ymin>278</ymin>
			<xmax>1255</xmax>
			<ymax>414</ymax>
		</bndbox>
	</object>
	<object>
		<name>bed</name>
		<pose>Unspecified</pose>
		<truncated>0</truncated>
		<difficult>0</difficult>
		<bndbox>
			<xmin>1251</xmin>
			<ymin>620</ymin>
			<xmax>1367</xmax>
			<ymax>785</ymax>
		</bndbox>
	</object>
</annotation>
