<annotation>
	<folder>sample</folder>
	<filename>60.png</filename>
	<path>E:\aijia\sample\60.png</path>
	<source>
		<database>Unknown</database>
	</source>
	<size>
		<width>1684</width>
		<height>1190</height>
		<depth>1</depth>
	</size>
	<segmented>0</segmented>
	<object>
		<name>bed</name>
		<pose>Unspecified</pose>
		<truncated>0</truncated>
		<difficult>0</difficult>
		<bndbox>
			<xmin>470</xmin>
			<ymin>379</ymin>
			<xmax>644</xmax>
			<ymax>528</ymax>
		</bndbox>
	</object>
	<object>
		<name>bed</name>
		<pose>Unspecified</pose>
		<truncated>0</truncated>
		<difficult>0</difficult>
		<bndbox>
			<xmin>966</xmin>
			<ymin>285</ymin>
			<xmax>1164</xmax>
			<ymax>439</ymax>
		</bndbox>
	</object>
</annotation>
