<annotation>
	<folder>sample</folder>
	<filename>61.png</filename>
	<path>E:\aijia\sample\61.png</path>
	<source>
		<database>Unknown</database>
	</source>
	<size>
		<width>1684</width>
		<height>1190</height>
		<depth>1</depth>
	</size>
	<segmented>0</segmented>
	<object>
		<name>bed</name>
		<pose>Unspecified</pose>
		<truncated>0</truncated>
		<difficult>0</difficult>
		<bndbox>
			<xmin>1028</xmin>
			<ymin>320</ymin>
			<xmax>1303</xmax>
			<ymax>517</ymax>
		</bndbox>
	</object>
	<object>
		<name>bed</name>
		<pose>Unspecified</pose>
		<truncated>0</truncated>
		<difficult>0</difficult>
		<bndbox>
			<xmin>1044</xmin>
			<ymin>664</ymin>
			<xmax>1198</xmax>
			<ymax>858</ymax>
		</bndbox>
	</object>
</annotation>
