<annotation>
	<folder>sample</folder>
	<filename>62.png</filename>
	<path>E:\aijia\sample\62.png</path>
	<source>
		<database>Unknown</database>
	</source>
	<size>
		<width>1684</width>
		<height>1190</height>
		<depth>1</depth>
	</size>
	<segmented>0</segmented>
	<object>
		<name>bed</name>
		<pose>Unspecified</pose>
		<truncated>0</truncated>
		<difficult>0</difficult>
		<bndbox>
			<xmin>609</xmin>
			<ymin>683</ymin>
			<xmax>738</xmax>
			<ymax>864</ymax>
		</bndbox>
	</object>
	<object>
		<name>bed</name>
		<pose>Unspecified</pose>
		<truncated>0</truncated>
		<difficult>0</difficult>
		<bndbox>
			<xmin>701</xmin>
			<ymin>222</ymin>
			<xmax>828</xmax>
			<ymax>333</ymax>
		</bndbox>
	</object>
</annotation>
