<annotation>
	<folder>sample</folder>
	<filename>63.png</filename>
	<path>E:\aijia\sample\63.png</path>
	<source>
		<database>Unknown</database>
	</source>
	<size>
		<width>1684</width>
		<height>1190</height>
		<depth>1</depth>
	</size>
	<segmented>0</segmented>
	<object>
		<name>bed</name>
		<pose>Unspecified</pose>
		<truncated>0</truncated>
		<difficult>0</difficult>
		<bndbox>
			<xmin>389</xmin>
			<ymin>257</ymin>
			<xmax>530</xmax>
			<ymax>449</ymax>
		</bndbox>
	</object>
	<object>
		<name>bed</name>
		<pose>Unspecified</pose>
		<truncated>0</truncated>
		<difficult>0</difficult>
		<bndbox>
			<xmin>1174</xmin>
			<ymin>256</ymin>
			<xmax>1413</xmax>
			<ymax>454</ymax>
		</bndbox>
	</object>
</annotation>
