<annotation>
	<folder>sample</folder>
	<filename>65.png</filename>
	<path>E:\aijia\sample\65.png</path>
	<source>
		<database>Unknown</database>
	</source>
	<size>
		<width>1536</width>
		<height>1229</height>
		<depth>1</depth>
	</size>
	<segmented>0</segmented>
	<object>
		<name>bed</name>
		<pose>Unspecified</pose>
		<truncated>0</truncated>
		<difficult>0</difficult>
		<bndbox>
			<xmin>324</xmin>
			<ymin>297</ymin>
			<xmax>500</xmax>
			<ymax>440</ymax>
		</bndbox>
	</object>
	<object>
		<name>bed</name>
		<pose>Unspecified</pose>
		<truncated>0</truncated>
		<difficult>0</difficult>
		<bndbox>
			<xmin>906</xmin>
			<ymin>227</ymin>
			<xmax>1119</xmax>
			<ymax>371</ymax>
		</bndbox>
	</object>
</annotation>
