<annotation>
	<folder>sample</folder>
	<filename>67.png</filename>
	<path>E:\aijia\sample\67.png</path>
	<source>
		<database>Unknown</database>
	</source>
	<size>
		<width>2382</width>
		<height>1684</height>
		<depth>1</depth>
	</size>
	<segmented>0</segmented>
	<object>
		<name>bed</name>
		<pose>Unspecified</pose>
		<truncated>0</truncated>
		<difficult>0</difficult>
		<bndbox>
			<xmin>562</xmin>
			<ymin>318</ymin>
			<xmax>927</xmax>
			<ymax>563</ymax>
		</bndbox>
	</object>
	<object>
		<name>bed</name>
		<pose>Unspecified</pose>
		<truncated>0</truncated>
		<difficult>0</difficult>
		<bndbox>
			<xmin>1290</xmin>
			<ymin>650</ymin>
			<xmax>1584</xmax>
			<ymax>899</ymax>
		</bndbox>
	</object>
</annotation>
