<annotation>
	<folder>sample</folder>
	<filename>68.png</filename>
	<path>E:\aijia\sample\68.png</path>
	<source>
		<database>Unknown</database>
	</source>
	<size>
		<width>2382</width>
		<height>1684</height>
		<depth>1</depth>
	</size>
	<segmented>0</segmented>
	<object>
		<name>bed</name>
		<pose>Unspecified</pose>
		<truncated>0</truncated>
		<difficult>0</difficult>
		<bndbox>
			<xmin>415</xmin>
			<ymin>454</ymin>
			<xmax>700</xmax>
			<ymax>675</ymax>
		</bndbox>
	</object>
	<object>
		<name>bed</name>
		<pose>Unspecified</pose>
		<truncated>0</truncated>
		<difficult>0</difficult>
		<bndbox>
			<xmin>1398</xmin>
			<ymin>354</ymin>
			<xmax>1678</xmax>
			<ymax>571</ymax>
		</bndbox>
	</object>
</annotation>
