<annotation>
	<folder>sample</folder>
	<filename>69.png</filename>
	<path>E:\aijia\sample\69.png</path>
	<source>
		<database>Unknown</database>
	</source>
	<size>
		<width>2382</width>
		<height>1684</height>
		<depth>1</depth>
	</size>
	<segmented>0</segmented>
	<object>
		<name>bed</name>
		<pose>Unspecified</pose>
		<truncated>0</truncated>
		<difficult>0</difficult>
		<bndbox>
			<xmin>776</xmin>
			<ymin>348</ymin>
			<xmax>982</xmax>
			<ymax>626</ymax>
		</bndbox>
	</object>
	<object>
		<name>bed</name>
		<pose>Unspecified</pose>
		<truncated>0</truncated>
		<difficult>0</difficult>
		<bndbox>
			<xmin>915</xmin>
			<ymin>944</ymin>
			<xmax>1113</xmax>
			<ymax>1179</ymax>
		</bndbox>
	</object>
</annotation>
