<annotation>
	<folder>sample</folder>
	<filename>7.png</filename>
	<path>E:\aijia\sample\7.png</path>
	<source>
		<database>Unknown</database>
	</source>
	<size>
		<width>1584</width>
		<height>1224</height>
		<depth>1</depth>
	</size>
	<segmented>0</segmented>
	<object>
		<name>bed</name>
		<pose>Unspecified</pose>
		<truncated>0</truncated>
		<difficult>0</difficult>
		<bndbox>
			<xmin>492</xmin>
			<ymin>672</ymin>
			<xmax>653</xmax>
			<ymax>810</ymax>
		</bndbox>
	</object>
	<object>
		<name>bed</name>
		<pose>Unspecified</pose>
		<truncated>0</truncated>
		<difficult>0</difficult>
		<bndbox>
			<xmin>416</xmin>
			<ymin>389</ymin>
			<xmax>603</xmax>
			<ymax>517</ymax>
		</bndbox>
	</object>
</annotation>
