<annotation>
	<folder>sample</folder>
	<filename>70.png</filename>
	<path>E:\aijia\sample\70.png</path>
	<source>
		<database>Unknown</database>
	</source>
	<size>
		<width>1684</width>
		<height>1190</height>
		<depth>1</depth>
	</size>
	<segmented>0</segmented>
	<object>
		<name>bed</name>
		<pose>Unspecified</pose>
		<truncated>0</truncated>
		<difficult>0</difficult>
		<bndbox>
			<xmin>528</xmin>
			<ymin>442</ymin>
			<xmax>702</xmax>
			<ymax>570</ymax>
		</bndbox>
	</object>
	<object>
		<name>bed</name>
		<pose>Unspecified</pose>
		<truncated>0</truncated>
		<difficult>0</difficult>
		<bndbox>
			<xmin>984</xmin>
			<ymin>347</ymin>
			<xmax>1126</xmax>
			<ymax>481</ymax>
		</bndbox>
	</object>
</annotation>
