<annotation>
	<folder>sample</folder>
	<filename>71.png</filename>
	<path>E:\aijia\sample\71.png</path>
	<source>
		<database>Unknown</database>
	</source>
	<size>
		<width>1190</width>
		<height>1684</height>
		<depth>1</depth>
	</size>
	<segmented>0</segmented>
	<object>
		<name>bed</name>
		<pose>Unspecified</pose>
		<truncated>0</truncated>
		<difficult>0</difficult>
		<bndbox>
			<xmin>375</xmin>
			<ymin>800</ymin>
			<xmax>619</xmax>
			<ymax>983</ymax>
		</bndbox>
	</object>
	<object>
		<name>bed</name>
		<pose>Unspecified</pose>
		<truncated>0</truncated>
		<difficult>0</difficult>
		<bndbox>
			<xmin>869</xmin>
			<ymin>1061</ymin>
			<xmax>1073</xmax>
			<ymax>1225</ymax>
		</bndbox>
	</object>
</annotation>
