<annotation>
	<folder>sample</folder>
	<filename>72.png</filename>
	<path>E:\aijia\sample\72.png</path>
	<source>
		<database>Unknown</database>
	</source>
	<size>
		<width>1684</width>
		<height>1190</height>
		<depth>1</depth>
	</size>
	<segmented>0</segmented>
	<object>
		<name>bed</name>
		<pose>Unspecified</pose>
		<truncated>0</truncated>
		<difficult>0</difficult>
		<bndbox>
			<xmin>555</xmin>
			<ymin>340</ymin>
			<xmax>706</xmax>
			<ymax>465</ymax>
		</bndbox>
	</object>
	<object>
		<name>bed</name>
		<pose>Unspecified</pose>
		<truncated>0</truncated>
		<difficult>0</difficult>
		<bndbox>
			<xmin>1010</xmin>
			<ymin>297</ymin>
			<xmax>1177</xmax>
			<ymax>432</ymax>
		</bndbox>
	</object>
</annotation>
