<annotation>
	<folder>sample</folder>
	<filename>73.png</filename>
	<path>E:\aijia\sample\73.png</path>
	<source>
		<database>Unknown</database>
	</source>
	<size>
		<width>2382</width>
		<height>1684</height>
		<depth>1</depth>
	</size>
	<segmented>0</segmented>
	<object>
		<name>bed</name>
		<pose>Unspecified</pose>
		<truncated>0</truncated>
		<difficult>0</difficult>
		<bndbox>
			<xmin>439</xmin>
			<ymin>336</ymin>
			<xmax>729</xmax>
			<ymax>559</ymax>
		</bndbox>
	</object>
	<object>
		<name>bed</name>
		<pose>Unspecified</pose>
		<truncated>0</truncated>
		<difficult>0</difficult>
		<bndbox>
			<xmin>1284</xmin>
			<ymin>414</ymin>
			<xmax>1502</xmax>
			<ymax>585</ymax>
		</bndbox>
	</object>
</annotation>
