<annotation>
	<folder>sample</folder>
	<filename>75.png</filename>
	<path>E:\aijia\sample\75.png</path>
	<source>
		<database>Unknown</database>
	</source>
	<size>
		<width>2382</width>
		<height>1684</height>
		<depth>1</depth>
	</size>
	<segmented>0</segmented>
	<object>
		<name>bed</name>
		<pose>Unspecified</pose>
		<truncated>0</truncated>
		<difficult>0</difficult>
		<bndbox>
			<xmin>679</xmin>
			<ymin>519</ymin>
			<xmax>858</xmax>
			<ymax>693</ymax>
		</bndbox>
	</object>
	<object>
		<name>bed</name>
		<pose>Unspecified</pose>
		<truncated>0</truncated>
		<difficult>0</difficult>
		<bndbox>
			<xmin>1472</xmin>
			<ymin>446</ymin>
			<xmax>1715</xmax>
			<ymax>630</ymax>
		</bndbox>
	</object>
</annotation>
