<annotation>
	<folder>sample</folder>
	<filename>76.png</filename>
	<path>E:\aijia\sample\76.png</path>
	<source>
		<database>Unknown</database>
	</source>
	<size>
		<width>1190</width>
		<height>1684</height>
		<depth>1</depth>
	</size>
	<segmented>0</segmented>
	<object>
		<name>bed</name>
		<pose>Unspecified</pose>
		<truncated>0</truncated>
		<difficult>0</difficult>
		<bndbox>
			<xmin>554</xmin>
			<ymin>1382</ymin>
			<xmax>657</xmax>
			<ymax>1501</ymax>
		</bndbox>
	</object>
	<object>
		<name>bed</name>
		<pose>Unspecified</pose>
		<truncated>0</truncated>
		<difficult>0</difficult>
		<bndbox>
			<xmin>345</xmin>
			<ymin>1434</ymin>
			<xmax>443</xmax>
			<ymax>1566</ymax>
		</bndbox>
	</object>
</annotation>
