<annotation>
	<folder>sample</folder>
	<filename>77.png</filename>
	<path>E:\aijia\sample\77.png</path>
	<source>
		<database>Unknown</database>
	</source>
	<size>
		<width>1584</width>
		<height>1224</height>
		<depth>1</depth>
	</size>
	<segmented>0</segmented>
	<object>
		<name>bed</name>
		<pose>Unspecified</pose>
		<truncated>0</truncated>
		<difficult>0</difficult>
		<bndbox>
			<xmin>557</xmin>
			<ymin>676</ymin>
			<xmax>677</xmax>
			<ymax>850</ymax>
		</bndbox>
	</object>
	<object>
		<name>bed</name>
		<pose>Unspecified</pose>
		<truncated>0</truncated>
		<difficult>0</difficult>
		<bndbox>
			<xmin>340</xmin>
			<ymin>749</ymin>
			<xmax>464</xmax>
			<ymax>926</ymax>
		</bndbox>
	</object>
</annotation>
