<annotation>
	<folder>sample</folder>
	<filename>78.png</filename>
	<path>E:\aijia\sample\78.png</path>
	<source>
		<database>Unknown</database>
	</source>
	<size>
		<width>2382</width>
		<height>1684</height>
		<depth>1</depth>
	</size>
	<segmented>0</segmented>
	<object>
		<name>bed</name>
		<pose>Unspecified</pose>
		<truncated>0</truncated>
		<difficult>0</difficult>
		<bndbox>
			<xmin>964</xmin>
			<ymin>261</ymin>
			<xmax>1210</xmax>
			<ymax>444</ymax>
		</bndbox>
	</object>
	<object>
		<name>bed</name>
		<pose>Unspecified</pose>
		<truncated>0</truncated>
		<difficult>0</difficult>
		<bndbox>
			<xmin>888</xmin>
			<ymin>681</ymin>
			<xmax>1117</xmax>
			<ymax>859</ymax>
		</bndbox>
	</object>
</annotation>
