<annotation>
	<folder>sample</folder>
	<filename>79.png</filename>
	<path>E:\aijia\sample\79.png</path>
	<source>
		<database>Unknown</database>
	</source>
	<size>
		<width>1584</width>
		<height>1224</height>
		<depth>1</depth>
	</size>
	<segmented>0</segmented>
	<object>
		<name>bed</name>
		<pose>Unspecified</pose>
		<truncated>0</truncated>
		<difficult>0</difficult>
		<bndbox>
			<xmin>385</xmin>
			<ymin>763</ymin>
			<xmax>488</xmax>
			<ymax>906</ymax>
		</bndbox>
	</object>
	<object>
		<name>bed</name>
		<pose>Unspecified</pose>
		<truncated>0</truncated>
		<difficult>0</difficult>
		<bndbox>
			<xmin>425</xmin>
			<ymin>420</ymin>
			<xmax>525</xmax>
			<ymax>549</ymax>
		</bndbox>
	</object>
</annotation>
