<annotation>
	<folder>sample</folder>
	<filename>8.png</filename>
	<path>E:\aijia\sample\8.png</path>
	<source>
		<database>Unknown</database>
	</source>
	<size>
		<width>1536</width>
		<height>1229</height>
		<depth>1</depth>
	</size>
	<segmented>0</segmented>
	<object>
		<name>bed</name>
		<pose>Unspecified</pose>
		<truncated>0</truncated>
		<difficult>0</difficult>
		<bndbox>
			<xmin>1109</xmin>
			<ymin>719</ymin>
			<xmax>1248</xmax>
			<ymax>908</ymax>
		</bndbox>
	</object>
	<object>
		<name>bed</name>
		<pose>Unspecified</pose>
		<truncated>0</truncated>
		<difficult>0</difficult>
		<bndbox>
			<xmin>791</xmin>
			<ymin>710</ymin>
			<xmax>927</xmax>
			<ymax>871</ymax>
		</bndbox>
	</object>
</annotation>
