<annotation>
	<folder>sample</folder>
	<filename>80.png</filename>
	<path>E:\aijia\sample\80.png</path>
	<source>
		<database>Unknown</database>
	</source>
	<size>
		<width>2382</width>
		<height>1684</height>
		<depth>1</depth>
	</size>
	<segmented>0</segmented>
	<object>
		<name>bed</name>
		<pose>Unspecified</pose>
		<truncated>0</truncated>
		<difficult>0</difficult>
		<bndbox>
			<xmin>280</xmin>
			<ymin>944</ymin>
			<xmax>527</xmax>
			<ymax>1242</ymax>
		</bndbox>
	</object>
	<object>
		<name>bed</name>
		<pose>Unspecified</pose>
		<truncated>0</truncated>
		<difficult>0</difficult>
		<bndbox>
			<xmin>1108</xmin>
			<ymin>1116</ymin>
			<xmax>1355</xmax>
			<ymax>1424</ymax>
		</bndbox>
	</object>
</annotation>
