<annotation>
	<folder>sample</folder>
	<filename>81.png</filename>
	<path>E:\aijia\sample\81.png</path>
	<source>
		<database>Unknown</database>
	</source>
	<size>
		<width>2382</width>
		<height>1684</height>
		<depth>1</depth>
	</size>
	<segmented>0</segmented>
	<object>
		<name>bed</name>
		<pose>Unspecified</pose>
		<truncated>0</truncated>
		<difficult>0</difficult>
		<bndbox>
			<xmin>378</xmin>
			<ymin>373</ymin>
			<xmax>674</xmax>
			<ymax>593</ymax>
		</bndbox>
	</object>
	<object>
		<name>bed</name>
		<pose>Unspecified</pose>
		<truncated>0</truncated>
		<difficult>0</difficult>
		<bndbox>
			<xmin>1229</xmin>
			<ymin>457</ymin>
			<xmax>1490</xmax>
			<ymax>681</ymax>
		</bndbox>
	</object>
</annotation>
