<annotation>
	<folder>sample</folder>
	<filename>83.png</filename>
	<path>E:\aijia\sample\83.png</path>
	<source>
		<database>Unknown</database>
	</source>
	<size>
		<width>1536</width>
		<height>1229</height>
		<depth>1</depth>
	</size>
	<segmented>0</segmented>
	<object>
		<name>bed</name>
		<pose>Unspecified</pose>
		<truncated>0</truncated>
		<difficult>0</difficult>
		<bndbox>
			<xmin>247</xmin>
			<ymin>760</ymin>
			<xmax>390</xmax>
			<ymax>955</ymax>
		</bndbox>
	</object>
	<object>
		<name>bed</name>
		<pose>Unspecified</pose>
		<truncated>0</truncated>
		<difficult>0</difficult>
		<bndbox>
			<xmin>1029</xmin>
			<ymin>679</ymin>
			<xmax>1162</xmax>
			<ymax>841</ymax>
		</bndbox>
	</object>
</annotation>
