<annotation>
	<folder>sample</folder>
	<filename>86.png</filename>
	<path>E:\aijia\sample\86.png</path>
	<source>
		<database>Unknown</database>
	</source>
	<size>
		<width>1536</width>
		<height>1229</height>
		<depth>1</depth>
	</size>
	<segmented>0</segmented>
	<object>
		<name>bed</name>
		<pose>Unspecified</pose>
		<truncated>0</truncated>
		<difficult>0</difficult>
		<bndbox>
			<xmin>252</xmin>
			<ymin>717</ymin>
			<xmax>403</xmax>
			<ymax>912</ymax>
		</bndbox>
	</object>
	<object>
		<name>bed</name>
		<pose>Unspecified</pose>
		<truncated>0</truncated>
		<difficult>0</difficult>
		<bndbox>
			<xmin>339</xmin>
			<ymin>218</ymin>
			<xmax>485</xmax>
			<ymax>417</ymax>
		</bndbox>
	</object>
</annotation>
