<annotation>
	<folder>sample</folder>
	<filename>87.png</filename>
	<path>E:\aijia\sample\87.png</path>
	<source>
		<database>Unknown</database>
	</source>
	<size>
		<width>1684</width>
		<height>1190</height>
		<depth>1</depth>
	</size>
	<segmented>0</segmented>
	<object>
		<name>bed</name>
		<pose>Unspecified</pose>
		<truncated>0</truncated>
		<difficult>0</difficult>
		<bndbox>
			<xmin>399</xmin>
			<ymin>461</ymin>
			<xmax>559</xmax>
			<ymax>693</ymax>
		</bndbox>
	</object>
	<object>
		<name>bed</name>
		<pose>Unspecified</pose>
		<truncated>0</truncated>
		<difficult>0</difficult>
		<bndbox>
			<xmin>212</xmin>
			<ymin>18</ymin>
			<xmax>370</xmax>
			<ymax>203</ymax>
		</bndbox>
	</object>
</annotation>
