<annotation>
	<folder>sample</folder>
	<filename>88.png</filename>
	<path>E:\aijia\sample\88.png</path>
	<source>
		<database>Unknown</database>
	</source>
	<size>
		<width>1684</width>
		<height>1190</height>
		<depth>1</depth>
	</size>
	<segmented>0</segmented>
	<object>
		<name>bed</name>
		<pose>Unspecified</pose>
		<truncated>0</truncated>
		<difficult>0</difficult>
		<bndbox>
			<xmin>214</xmin>
			<ymin>4</ymin>
			<xmax>370</xmax>
			<ymax>183</ymax>
		</bndbox>
	</object>
	<object>
		<name>bed</name>
		<pose>Unspecified</pose>
		<truncated>0</truncated>
		<difficult>0</difficult>
		<bndbox>
			<xmin>396</xmin>
			<ymin>443</ymin>
			<xmax>566</xmax>
			<ymax>681</ymax>
		</bndbox>
	</object>
</annotation>
