<annotation>
	<folder>sample</folder>
	<filename>89.png</filename>
	<path>E:\aijia\sample\89.png</path>
	<source>
		<database>Unknown</database>
	</source>
	<size>
		<width>1684</width>
		<height>1190</height>
		<depth>1</depth>
	</size>
	<segmented>0</segmented>
	<object>
		<name>bed</name>
		<pose>Unspecified</pose>
		<truncated>0</truncated>
		<difficult>0</difficult>
		<bndbox>
			<xmin>177</xmin>
			<ymin>502</ymin>
			<xmax>356</xmax>
			<ymax>732</ymax>
		</bndbox>
	</object>
	<object>
		<name>bed</name>
		<pose>Unspecified</pose>
		<truncated>1</truncated>
		<difficult>0</difficult>
		<bndbox>
			<xmin>181</xmin>
			<ymin>1</ymin>
			<xmax>346</xmax>
			<ymax>195</ymax>
		</bndbox>
	</object>
</annotation>
