<annotation>
	<folder>sample</folder>
	<filename>9.png</filename>
	<path>E:\aijia\sample\9.png</path>
	<source>
		<database>Unknown</database>
	</source>
	<size>
		<width>1584</width>
		<height>1224</height>
		<depth>1</depth>
	</size>
	<segmented>0</segmented>
	<object>
		<name>bed</name>
		<pose>Unspecified</pose>
		<truncated>0</truncated>
		<difficult>0</difficult>
		<bndbox>
			<xmin>489</xmin>
			<ymin>475</ymin>
			<xmax>645</xmax>
			<ymax>617</ymax>
		</bndbox>
	</object>
	<object>
		<name>bed</name>
		<pose>Unspecified</pose>
		<truncated>0</truncated>
		<difficult>0</difficult>
		<bndbox>
			<xmin>536</xmin>
			<ymin>714</ymin>
			<xmax>690</xmax>
			<ymax>836</ymax>
		</bndbox>
	</object>
</annotation>
