<annotation>
	<folder>sample</folder>
	<filename>90.png</filename>
	<path>E:\aijia\sample\90.png</path>
	<source>
		<database>Unknown</database>
	</source>
	<size>
		<width>2382</width>
		<height>1684</height>
		<depth>1</depth>
	</size>
	<segmented>0</segmented>
	<object>
		<name>bed</name>
		<pose>Unspecified</pose>
		<truncated>0</truncated>
		<difficult>0</difficult>
		<bndbox>
			<xmin>772</xmin>
			<ymin>273</ymin>
			<xmax>1035</xmax>
			<ymax>454</ymax>
		</bndbox>
	</object>
	<object>
		<name>bed</name>
		<pose>Unspecified</pose>
		<truncated>0</truncated>
		<difficult>0</difficult>
		<bndbox>
			<xmin>794</xmin>
			<ymin>773</ymin>
			<xmax>1059</xmax>
			<ymax>961</ymax>
		</bndbox>
	</object>
</annotation>
