<annotation>
	<folder>sample</folder>
	<filename>92.png</filename>
	<path>E:\aijia\sample\92.png</path>
	<source>
		<database>Unknown</database>
	</source>
	<size>
		<width>2382</width>
		<height>1684</height>
		<depth>1</depth>
	</size>
	<segmented>0</segmented>
	<object>
		<name>bed</name>
		<pose>Unspecified</pose>
		<truncated>0</truncated>
		<difficult>0</difficult>
		<bndbox>
			<xmin>455</xmin>
			<ymin>567</ymin>
			<xmax>741</xmax>
			<ymax>808</ymax>
		</bndbox>
	</object>
	<object>
		<name>bed</name>
		<pose>Unspecified</pose>
		<truncated>0</truncated>
		<difficult>0</difficult>
		<bndbox>
			<xmin>1770</xmin>
			<ymin>569</ymin>
			<xmax>1998</xmax>
			<ymax>810</ymax>
		</bndbox>
	</object>
</annotation>
