<annotation>
	<folder>sample</folder>
	<filename>94.png</filename>
	<path>E:\aijia\sample\94.png</path>
	<source>
		<database>Unknown</database>
	</source>
	<size>
		<width>2382</width>
		<height>1684</height>
		<depth>1</depth>
	</size>
	<segmented>0</segmented>
	<object>
		<name>bed</name>
		<pose>Unspecified</pose>
		<truncated>0</truncated>
		<difficult>0</difficult>
		<bndbox>
			<xmin>251</xmin>
			<ymin>106</ymin>
			<xmax>510</xmax>
			<ymax>456</ymax>
		</bndbox>
	</object>
	<object>
		<name>bed</name>
		<pose>Unspecified</pose>
		<truncated>0</truncated>
		<difficult>0</difficult>
		<bndbox>
			<xmin>257</xmin>
			<ymin>728</ymin>
			<xmax>513</xmax>
			<ymax>1079</ymax>
		</bndbox>
	</object>
</annotation>
