<annotation>
	<folder>sample</folder>
	<filename>95.png</filename>
	<path>E:\aijia\sample\95.png</path>
	<source>
		<database>Unknown</database>
	</source>
	<size>
		<width>1684</width>
		<height>1190</height>
		<depth>1</depth>
	</size>
	<segmented>0</segmented>
	<object>
		<name>bed</name>
		<pose>Unspecified</pose>
		<truncated>0</truncated>
		<difficult>0</difficult>
		<bndbox>
			<xmin>564</xmin>
			<ymin>293</ymin>
			<xmax>805</xmax>
			<ymax>606</ymax>
		</bndbox>
	</object>
	<object>
		<name>bed</name>
		<pose>Unspecified</pose>
		<truncated>0</truncated>
		<difficult>0</difficult>
		<bndbox>
			<xmin>1060</xmin>
			<ymin>865</ymin>
			<xmax>1274</xmax>
			<ymax>1014</ymax>
		</bndbox>
	</object>
</annotation>
