<annotation>
	<folder>sample</folder>
	<filename>97.png</filename>
	<path>E:\aijia\sample\97.png</path>
	<source>
		<database>Unknown</database>
	</source>
	<size>
		<width>2382</width>
		<height>1684</height>
		<depth>1</depth>
	</size>
	<segmented>0</segmented>
	<object>
		<name>bed</name>
		<pose>Unspecified</pose>
		<truncated>0</truncated>
		<difficult>0</difficult>
		<bndbox>
			<xmin>1596</xmin>
			<ymin>510</ymin>
			<xmax>1902</xmax>
			<ymax>769</ymax>
		</bndbox>
	</object>
	<object>
		<name>bed</name>
		<pose>Unspecified</pose>
		<truncated>0</truncated>
		<difficult>0</difficult>
		<bndbox>
			<xmin>335</xmin>
			<ymin>508</ymin>
			<xmax>566</xmax>
			<ymax>757</ymax>
		</bndbox>
	</object>
</annotation>
