<annotation>
	<folder>sample</folder>
	<filename>98.png</filename>
	<path>E:\aijia\sample\98.png</path>
	<source>
		<database>Unknown</database>
	</source>
	<size>
		<width>2382</width>
		<height>1684</height>
		<depth>1</depth>
	</size>
	<segmented>0</segmented>
	<object>
		<name>bed</name>
		<pose>Unspecified</pose>
		<truncated>0</truncated>
		<difficult>0</difficult>
		<bndbox>
			<xmin>323</xmin>
			<ymin>530</ymin>
			<xmax>561</xmax>
			<ymax>775</ymax>
		</bndbox>
	</object>
	<object>
		<name>bed</name>
		<pose>Unspecified</pose>
		<truncated>0</truncated>
		<difficult>0</difficult>
		<bndbox>
			<xmin>1586</xmin>
			<ymin>530</ymin>
			<xmax>1906</xmax>
			<ymax>795</ymax>
		</bndbox>
	</object>
</annotation>
