<annotation>
	<folder>sample</folder>
	<filename>99.png</filename>
	<path>E:\aijia\sample\99.png</path>
	<source>
		<database>Unknown</database>
	</source>
	<size>
		<width>2384</width>
		<height>1684</height>
		<depth>1</depth>
	</size>
	<segmented>0</segmented>
	<object>
		<name>bed</name>
		<pose>Unspecified</pose>
		<truncated>0</truncated>
		<difficult>0</difficult>
		<bndbox>
			<xmin>548</xmin>
			<ymin>465</ymin>
			<xmax>848</xmax>
			<ymax>705</ymax>
		</bndbox>
	</object>
	<object>
		<name>bed</name>
		<pose>Unspecified</pose>
		<truncated>0</truncated>
		<difficult>0</difficult>
		<bndbox>
			<xmin>1393</xmin>
			<ymin>369</ymin>
			<xmax>1730</xmax>
			<ymax>616</ymax>
		</bndbox>
	</object>
</annotation>
